"Provincia","Distrito","Localidad","Codigo","P","D","L"
"AQP","CAYMA","Los Sauces y Pampita Zevallos","1.3.1","1","3","1"
"AQP","CAYMA","Señor de la Caña","1.3.2","1","3","2"
"AQP","CAYMA","Urb.Leon XIII","1.3.3","1","3","3"
"AQP","CAYMA","La Canoa","1.3.4","1","3","4"
"AQP","CAYMA","Cercado de Cayma","1.3.5","1","3","5"
"AQP","CAYMA","La Esplanada","1.3.6","1","3","6"
"AQP","CAYMA","Avidge","1.3.7","1","3","7"
"AQP","CAYMA","5ta.Chavez y Urb.El Remanzo","1.3.8","1","3","8"
"AQP","CAYMA","Residencial Monte Rosa","1.3.9","1","3","9"
"AQP","CAYMA","Villa Cayma-5ta.Monte Flor 1-5ta.Monte Flor 2-5ta.-Monica","1.3.10","1","3","10"
"AQP","CAYMA","Urb.Los Portales","1.3.11","1","3","11"
"AQP","CAYMA","Urb.Macondo","1.3.12","1","3","12"
"AQP","CAYMA","Urb.La Colina de los Arces","1.3.13","1","3","13"
"AQP","CAYMA","Urb.Santa Elisa","1.3.14","1","3","14"
"AQP","CAYMA","Urb.Linda Vista","1.3.15","1","3","15"
"AQP","CAYMA","Urb.Coperativa Ingenieros-Gloria I-Gloria II","1.3.16","1","3","16"
"AQP","CAYMA","Urb.Señorial","1.3.17","1","3","17"
"AQP","CAYMA","Urb.Heresi-los Cerezos-Los Almendros-Los Manzanos-Los Olivos-La Candelaria-La Encantada-Los Guindos-Tronco de Oro-Los Ciruelos-Alto de mi Gloria-El Bosque-Los Magnus","1.3.18","1","3","18"
"AQP","CAYMA","Urb.Rosario-Zona Residencial-Las Condes","1.3.19","1","3","19"
"AQP","CAYMA","Cerro San Jacinto","1.3.20","1","3","20"
"AQP","CAYMA","Urb.Las Azucenas","1.3.21","1","3","21"
"AQP","CAYMA","Pueblo Tradicional-Urb.Entel Peru-Urb.El Carmen-Urb.El Campo-Urb.Belloo Campo-Residencial Almuera-Residencial Las Condes-5ta.San Nicolas-5ta.la Floresta-5ta.Mirador","1.3.22","1","3","22"
"AQP","CAYMA","Los Angeles de Cayma-Urb.Jorge Basadre-Urb.Santa Elisa-Urb. Marisol","1.3.23","1","3","23"
"AQP","CAYMA",NULL,"1.3.24","1","3","24"
"AQP","CAYMA","Urb.La Marina-Urb.San Dorian-Autodema","1.3.25","1","3","25"
"AQP","CAYMA","Urb.La Chacrita-Urb.Bello Horizonte-Urb.Los Angeles","1.3.26","1","3","26"
"AQP","CAYMA","Urb.San Antonio-Urb.El Mirador","1.3.27","1","3","27"
"AQP","CAYMA","Urb.Bello Amanecer","1.3.28","1","3","28"
"AQP","CAYMA","Urb Las Terrazas","1.3.29","1","3","29"
"AQP","CAYMA","Urb.La Campiña","1.3.30","1","3","30"
"AQP","CAYMA","Urb. Los Girasoles-Puerta del Sol-Los Sauces de Cayma-Los Delfines","1.3.31","1","3","31"
"AQP","CAYMA","Urb.Los Andenes-Magdalena","1.3.32","1","3","32"
"AQP","CAYMA","Urb. Las Lomas de Cayma                                  ","1.3.33","1","3","33"
"AQP","CAYMA","Carmen Alto","1.3.34","1","3","34"
"AQP","CAYMA","Tronchaderos","1.3.35","1","3","35"
"AQP","CAYMA","Acequia Alta","1.3.36","1","3","36"
"AQP","CAYMA","Peblo Tradicional La Tomilla","1.3.37","1","3","37"
"AQP","CAYMA","Urb. Ecologica","1.3.38","1","3","38"
"AQP","CAYMA","Amp. La Tomilla","1.3.39","1","3","39"
"AQP","CAYMA","Juan Velazco Alvarado","1.3.40","1","3","40"
"AQP","CAYMA","Monte Verde","1.3.41","1","3","41"
"AQP","CAYMA","Chachani","1.3.42","1","3","42"
"AQP","CAYMA","Francisco Bolognesi","1.3.43","1","3","43"
"AQP","CAYMA","Villa Mirador de Chilina","1.3.44","1","3","44"
"AQP","CAYMA","Asociacion Santuario Charcani Virgen de Chapi","1.3.45","1","3","45"
"AQP","CAYMA","Urb.Maria Parado de Bellido","1.3.46","1","3","46"
"AQP","CAYMA","Urb.San Martin de Porras","1.3.47","1","3","47"
"AQP","CAYMA","Urb.Jose Olaya","1.3.48","1","3","48"
"AQP","CAYMA","Cielo Azul-Las Cortaderas-Upis Dean Valdivia","1.3.49","1","3","49"
"AQP","CAYMA","Quiñones -Amp.Quiñones","1.3.50","1","3","50"
"AQP","CAYMA","Haya de la Torre","1.3.51","1","3","51"
"AQP","CAYMA","Virgen de Chapi","1.3.52","1","3","52"
"AQP","CAYMA","20 de Febrero","1.3.53","1","3","53"
"AQP","CAYMA","Jose Olaya","1.3.54","1","3","54"
"AQP","CAYMA","Micaela Bastidas","1.3.55","1","3","55"
"AQP","CAYMA","Sr. De los Milagros","1.3.56","1","3","56"
"AQP","CAYMA","Urb. Rafael Belaunde","1.3.57","1","3","57"
"AQP","CAYMA","Los Descend. de R. Belaunde Gran Caiman","1.3.58","1","3","58"
"AQP","CAYMA","Sta Rosa de Lima","1.3.59","1","3","59"
"AQP","CAYMA","Primero de Junio","1.3.60","1","3","60"
"AQP","CAYMA","30 de Marzo","1.3.61","1","3","61"
"AQP","CAYMA","Sol de los Andes","1.3.62","1","3","62"
"AQP","CAYMA","Embajada del Japon A y B","1.3.63","1","3","63"
"AQP","CAYMA","Los Pioneros","1.3.64","1","3","64"
"AQP","CAYMA","Cabretilla","1.3.65","1","3","65"
"AQP","CAYMA","Escuela Charcani-Hidroelectrica","1.3.66","1","3","66"
"AQP","CAYMA","Andres Avelino Caceres","1.3.67","1","3","67"
"AQP","CAYMA","San Pedro Jesus Divino","1.3.68","1","3","68"
"AQP","CAYMA","Buenos Aires","1.3.69","1","3","69"
"AQP","CAYMA","Casimiro Cuadros II","1.3.70","1","3","70"
"AQP","CAYMA","Las Malvinas","1.3.71","1","3","71"
"AQP","CAYMA","Virgen de La Candelaria","1.3.72","1","3","72"
"AQP","CAYMA","Ramiro Priale","1.3.73","1","3","73"
"AQP","CAYMA","Comité  14","1.3.74","1","3","74"
"AQP","CAYMA","Villa Continental","1.3.75","1","3","75"
"AQP","CAYMA","Cesar Vallejo","1.3.76","1","3","76"
"AQP","CAYMA","Casimiro Cuadros II","1.3.77","1","3","77"
"AQP","CAYMA","M.A. Odria.  R. Priale","1.3.78","1","3","78"
"AQP","CAYMA","J. C. Mariategui","1.3.79","1","3","79"
"AQP","CAYMA","Juan Pablo II","1.3.80","1","3","80"
"AQP","CAYMA","19 de Enero","1.3.81","1","3","81"
"AQP","CAYMA","J. A. Quiñonez II Etapa","1.3.82","1","3","82"
"AQP","CAYMA","San Miguel","1.3.83","1","3","83"
"AQP","CAYMA","Sr. De Huanca","1.3.84","1","3","84"
"AQP","CAYMA","Villa Sr. De Huanca Villa Continental","1.3.85","1","3","85"
"AQP","CAYMA","Sol de Oro","1.3.86","1","3","86"
"AQP","CAYMA","Estrella I","1.3.87","1","3","87"
"AQP","CAYMA","Enace Sector II","1.3.88","1","3","88"
"AQP","CAYMA","Enace Sector III","1.3.89","1","3","89"
"AQP","CAYMA","Enace Sector IV","1.3.90","1","3","90"
"AQP","CAYMA","Enace Sector V","1.3.91","1","3","91"
"AQP","CAYMA","Enace Sector VI","1.3.92","1","3","92"
"AQP","CAYMA","Enace Sector XIII","1.3.93","1","3","93"
"AQP","CAYMA","Enace Sector XIII","1.3.94","1","3","94"
"AQP","CAYMA","Enace Sector XIII","1.3.95","1","3","95"
"AQP","CAYMA","Enace Sector IX","1.3.96","1","3","96"
"AQP","CAYMA","Enace Sector VII","1.3.97","1","3","97"
"AQP","CAYMA","Enace Sector VIII","1.3.98","1","3","98"
"AQP","CAYMA","Primero de Junio zona B","1.3.99","1","3","99"
"AQP","CAYMA","El Triunfo","1.3.100","1","3","100"
"AQP","CAYMA","11 de Mayo","1.3.101","1","3","101"
"AQP","CAYMA","Sr. De los Milagros","1.3.102","1","3","102"
"AQP","CHARACATO","Chacapato","1.5.1","1","5","1"
"AQP","CHARACATO","Buena Vista","1.5.2","1","5","2"
"AQP","CHARACATO","Yanayaco","1.5.3","1","5","3"
"AQP","CHARACATO","Cerrillo","1.5.4","1","5","4"
"AQP","CHARACATO","La Huaylla","1.5.5","1","5","5"
"AQP","CHARACATO","Cancahuani","1.5.6","1","5","6"
"AQP","CHARACATO","PT Characato","1.5.7","1","5","7"
"AQP","CHARACATO","San Francisco","1.5.8","1","5","8"
"AQP","CHARACATO","28 de Julio","1.5.9","1","5","9"
"AQP","CHARACATO","Cerro San Cosme","1.5.10","1","5","10"
"AQP","CHARACATO","Gustavo Mohme","1.5.11","1","5","11"
"AQP","CHARACATO","Villa Santa Luisa Nuevo Characato","1.5.12","1","5","12"
"AQP","CHARACATO","Juventud Characato","1.5.13","1","5","13"
"AQP","CHARACATO","Amp. Characato","1.5.14","1","5","14"
"AQP","CHARACATO","La Huaylla Ladrilleros","1.5.15","1","5","15"
"AQP","CHARACATO","Villa Victoria","1.5.16","1","5","16"
"AQP","CHARACATO","Villa San Juan","1.5.17","1","5","17"
"AQP","CHARACATO","Villa Fortaleza","1.5.18","1","5","18"
"AQP","CHARACATO",NULL,"1.5.19","1","5","19"
"AQP","CHARACATO","Amp. San Francisco","1.5.20","1","5","20"
"AQP","CHARACATO","Asovich","1.5.21","1","5","21"
"AQP","CHARACATO","Umapalca","1.5.22","1","5","22"
"AQP","HUNTER","Santa Martha","1.7.1","1","7","1"
"AQP","HUNTER","Loma Verde","1.7.2","1","7","2"
"AQP","HUNTER","Señor de Huanca","1.7.3","1","7","3"
"AQP","HUNTER","13 de Mayo","1.7.4","1","7","4"
"AQP","HUNTER","San Juan Bautista","1.7.5","1","7","5"
"AQP","HUNTER","13 de Agosto","1.7.6","1","7","6"
"AQP","HUNTER","La Merced","1.7.7","1","7","7"
"AQP","HUNTER","PT Pampas del Cuzco","1.7.8","1","7","8"
"AQP","HUNTER","Fray Martin de Porras","1.7.9","1","7","9"
"AQP","HUNTER","Zona E Sector 3","1.7.10","1","7","10"
"AQP","HUNTER","Los Angeles","1.7.11","1","7","11"
"AQP","HUNTER","Comité 38","1.7.12","1","7","12"
"AQP","HUNTER","Amp. Caminos del Inca","1.7.13","1","7","13"
"AQP","HUNTER","Jose Carlos Mariategui","1.7.14","1","7","14"
"AQP","HUNTER","Coop. Los Balcones","1.7.15","1","7","15"
"AQP","HUNTER","Caminos del Inca","1.7.16","1","7","16"
"AQP","HUNTER","Alto Caminos del Inca","1.7.17","1","7","17"
"AQP","HUNTER","Vista Alegre","1.7.18","1","7","18"
"AQP","HUNTER","Morro de Arica","1.7.19","1","7","19"
"AQP","HUNTER","28 de Julio","1.7.20","1","7","20"
"AQP","HUNTER","Los Balcones de 28 de Julio","1.7.21","1","7","21"
"AQP","HUNTER","Via Paisajista","1.7.22","1","7","22"
"AQP","HUNTER","PT Tingo Grande","1.7.23","1","7","23"
"AQP","HUNTER","Cercado de Hunter","1.7.24","1","7","24"
"AQP","HUNTER","Zona A Hunter","1.7.25","1","7","25"
"AQP","HUNTER","Chilpinilla","1.7.26","1","7","26"
"AQP","HUNTER","San Juan de Dios","1.7.27","1","7","27"
"AQP","HUNTER","Milagros","1.7.28","1","7","28"
"AQP","HUNTER","Nueva Generacion","1.7.29","1","7","29"
"AQP","HUNTER","Urb Daniel Alcides Carrión","1.7.30","1","7","30"
"AQP","HUNTER","Augusto Freyre","1.7.31","1","7","31"
"AQP","HUNTER","El Mistiano","1.7.32","1","7","32"
"AQP","HUNTER","Villa San Isidro","1.7.33","1","7","33"
"AQP","HUNTER","Coop. El Carmen","1.7.34","1","7","34"
"AQP","HUNTER","La Florida","1.7.35","1","7","35"
"AQP","HUNTER","Coop. Andres Avelino Caceres","1.7.36","1","7","36"
"AQP","HUNTER","León del Sur","1.7.37","1","7","37"
"AQP","HUNTER","Arias Aragüez","1.7.38","1","7","38"
"AQP","HUNTER","Alto Alianza","1.7.39","1","7","39"
"AQP","HUNTER","Granja Santa Monica","1.7.40","1","7","40"
"AQP","HUNTER","UPIS Paisajista","1.7.41","1","7","41"
"AQP","HUNTER","Huasacache","1.7.42","1","7","42"
"AQP","HUNTER","Hong Kong","1.7.43","1","7","43"
"AQP","HUNTER","Campiña Ecológica","1.7.44","1","7","44"
"AQP","HUNTER","La Mancion I","1.7.45","1","7","45"
"AQP","HUNTER","La Mancion II","1.7.46","1","7","46"
"AQP","HUNTER","Villa Paraiso","1.7.47","1","7","47"
"AQP","HUNTER","Nueva Jerusalen","1.7.48","1","7","48"
"AQP","HUNTER","Villa Sevilla","1.7.49","1","7","49"
"AQP","HUNTER","PT Villa Salaverry","1.7.50","1","7","50"
"AQP","HUNTER","Villa Jardin","1.7.51","1","7","51"
"AQP","HUNTER","Bella Vista","1.7.52","1","7","52"
"AQP","HUNTER","La Colina I y II","1.7.53","1","7","53"
"AQP","HUNTER","Los Rosales","1.7.25A","1","7","25A"
"AQP","HUNTER","Los Bosques","1.7.35A","1","7","35A"
"AQP","HUNTER","Amp. León del Sur","1.7.37A","1","7","37A"
"AQP","HUNTER","Mirador de Huasacache","1.7.42A","1","7","42A"
"AQP","HUNTER","Buen Panorama","1.7.43A","1","7","43A"
"AQP","HUNTER","Los Montoneros","1.7.48A","1","7","48A"
"AQP","HUNTER","La Gonzales","1.7.48B","1","7","48B"
"AQP","HUNTER","Villa La Posada","1.7.48C","1","7","48C"
"AQP","HUNTER","Virgen de Chapi","1.7.48D","1","7","48D"
"AQP","HUNTER","Amp. 13 de Agosto","1.7.6A","1","7","6A"
"AQP","HUNTER","UPMP La Merced","1.7.7A","1","7","7A"
"AQP","HUNTER","Amp. Pampas del Cuzco","1.7.8A","1","7","8A"
"AQP","JLByR","Pedro Paulet Mostajo","1.8.1","1","8","1"
"AQP","JLByR","Virgen de Copacabana","1.8.2","1","8","2"
"AQP","JLByR","Sol y Luna","1.8.3","1","8","3"
"AQP","JLByR","Buena Vista","1.8.4","1","8","4"
"AQP","JLByR","Esmeraldas","1.8.5","1","8","5"
"AQP","JLByR","Santa Monica","1.8.6","1","8","6"
"AQP","JLByR","Ricardo Palma / Jorge Basadre","1.8.7","1","8","7"
"AQP","JLByR","La Breña / Betania","1.8.8","1","8","8"
"AQP","JLByR","PJ San Agustín / Amp San Agustín","1.8.9","1","8","9"
"AQP","JLByR","La Unión","1.8.10","1","8","10"
"AQP","JLByR","3 de Octubre","1.8.11","1","8","11"
"AQP","JLByR","Simón Bolivar","1.8.12","1","8","12"
"AQP","JLByR","Tasahuayo","1.8.13","1","8","13"
"AQP","JLByR","Mi Perú","1.8.14","1","8","14"
"AQP","JLByR","Los Olivos","1.8.15","1","8","15"
"AQP","JLByR","13 de Enero","1.8.16","1","8","16"
"AQP","JLByR","PT Cerro July","1.8.17","1","8","17"
"AQP","JLByR","Villa Hermosa Zona A y B","1.8.18","1","8","18"
"AQP","JLByR","Urb. Villa Manuelito","1.8.19","1","8","19"
"AQP","JLByR","Asoc. Villa Quiroz / Alfonso Quiroz","1.8.20","1","8","20"
"AQP","JLByR","Rodantes del Sur","1.8.21","1","8","21"
"AQP","JLByR","Viña del Mar","1.8.22","1","8","22"
"AQP","JLByR","Casuarinas/Satelite Chico","1.8.23","1","8","23"
"AQP","JLByR",NULL,"1.8.24","1","8","24"
"AQP","JLByR","Los Huertos","1.8.25","1","8","25"
"AQP","JLByR","Urb. Santa Clara","1.8.26","1","8","26"
"AQP","JLByR","Urb. Alas del Sur","1.8.27","1","8","27"
"AQP","JLByR","La Florida","1.8.28","1","8","28"
"AQP","JLByR","2 de Mayo","1.8.29","1","8","29"
"AQP","JLByR","Colon","1.8.30","1","8","30"
"AQP","JLByR","Villa los Francos","1.8.31","1","8","31"
"AQP","JLByR","Urb. Dolores","1.8.32","1","8","32"
"AQP","JLByR","Urb. Amauta","1.8.33","1","8","33"
"AQP","JLByR","Pedro Diez Canseco","1.8.34","1","8","34"
"AQP","JLByR","Coop. Virgen del Carmen","1.8.35","1","8","35"
"AQP","JLByR","Coop. Riego Chili","1.8.36","1","8","36"
"AQP","JLByR",NULL,"1.8.37","1","8","37"
"AQP","JLByR","Bartolome Herrera","1.8.38","1","8","38"
"AQP","JLByR","San Basilio","1.8.39","1","8","39"
"AQP","JLByR","Villa Electrica","1.8.40","1","8","40"
"AQP","JLByR","Urb. Puerta Verde","1.8.41","1","8","41"
"AQP","JLByR","La Alborada","1.8.14A","1","8","14A"
"AQP","LA JOYA","Km. 48","1.9.1","1","9","1"
"AQP","LA JOYA",NULL,"1.9.2","1","9","2"
"AQP","LA JOYA",NULL,"1.9.3","1","9","3"
"AQP","LA JOYA","Leche Gloria","1.9.4","1","9","4"
"AQP","LA JOYA","Paraiso","1.9.5","1","9","5"
"AQP","LA JOYA","los Medanos","1.9.6","1","9","6"
"AQP","LA JOYA",NULL,"1.9.7","1","9","7"
"AQP","LA JOYA","PPJJ San Isidro","1.9.8","1","9","8"
"AQP","LA JOYA","Cerrito La Victoria","1.9.9","1","9","9"
"AQP","LA JOYA","Los Laureles","1.9.10","1","9","10"
"AQP","LA JOYA","Las Dunas y Primavera","1.9.11","1","9","11"
"AQP","LA JOYA","Villa La Joya","1.9.12","1","9","12"
"AQP","LA JOYA","Rio de Janeiro","1.9.13","1","9","13"
"AQP","LA JOYA","Los Milagros","1.9.14","1","9","14"
"AQP","LA JOYA",NULL,"1.9.15","1","9","15"
"AQP","LA JOYA","Pueblo La Joya","1.9.16","1","9","16"
"AQP","LA JOYA","Palca","1.9.17","1","9","17"
"AQP","LA JOYA","Pueblo Libre","1.9.18","1","9","18"
"AQP","LA JOYA","Benito Lazo","1.9.19","1","9","19"
"AQP","LA JOYA","Semi Rural La Joya","1.9.20","1","9","20"
"AQP","LA JOYA","Cerrito Buena Vista","1.9.21","1","9","21"
"AQP","LA JOYA","Los Rosales","1.9.22","1","9","22"
"AQP","LA JOYA","El Triunfo I el Cruce","1.9.23","1","9","23"
"AQP","LA JOYA","Marco Jara","1.9.24","1","9","24"
"AQP","LA JOYA","Mi Buen Jesus","1.9.25","1","9","25"
"AQP","LA JOYA","La Victoria","1.9.22A","1","9","22A"
"AQP","MARIANO MELGAR","San Lorenzo","1.10.1","1","10","1"
"AQP","MARIANO MELGAR","PT Mariano Melgar","1.10.2","1","10","2"
"AQP","MARIANO MELGAR","Santa Rita de Casia","1.10.3","1","10","3"
"AQP","MARIANO MELGAR","Mariano Bustamante","1.10.4","1","10","4"
"AQP","MARIANO MELGAR","Amp. Alto Cenepa","1.10.5","1","10","5"
"AQP","MARIANO MELGAR","Villa Cenepa","1.10.6","1","10","6"
"AQP","MARIANO MELGAR","Los Alpes","1.10.7","1","10","7"
"AQP","MARIANO MELGAR","Monte Olimpo","1.10.8","1","10","8"
"AQP","MARIANO MELGAR","Cerro La Chilca","1.10.9","1","10","9"
"AQP","MARIANO MELGAR","PPJJ Mariano Bustamante","1.10.10","1","10","10"
"AQP","MARIANO MELGAR","Santo Domingo","1.10.11","1","10","11"
"AQP","MARIANO MELGAR","Los Balcones","1.10.12","1","10","12"
"AQP","MARIANO MELGAR","Atalaya","1.10.13","1","10","13"
"AQP","MARIANO MELGAR","Señor de los Milagros","1.10.14","1","10","14"
"AQP","MARIANO MELGAR","Buena Vista","1.10.15","1","10","15"
"AQP","MARIANO MELGAR","La Rinconada y Villa Maria el Triunfo","1.10.16","1","10","16"
"AQP","MARIANO MELGAR","Los Rosales","1.10.17","1","10","17"
"AQP","MARIANO MELGAR","Pueblo Libre","1.10.18","1","10","18"
"AQP","MARIANO MELGAR","Berlin","1.10.19","1","10","19"
"AQP","MARIANO MELGAR","San Francisco ","1.10.20","1","10","20"
"AQP","MARIANO MELGAR","El Mirador","1.10.21","1","10","21"
"AQP","MARIANO MELGAR","Los Angeles","1.10.22","1","10","22"
"AQP","MARIANO MELGAR","Jose Maria Argüedas","1.10.23","1","10","23"
"AQP","MARIANO MELGAR","Cerrito Belén y Nueva Generación","1.10.24","1","10","24"
"AQP","MARIANO MELGAR","Los Olivos","1.10.25","1","10","25"
"AQP","MARIANO MELGAR","Nuevo Milenio","1.10.26","1","10","26"
"AQP","MARIANO MELGAR","El Gran Chaparral ","1.10.27","1","10","27"
"AQP","MARIANO MELGAR","Héroes de Cenepa Zona B","1.10.28","1","10","28"
"AQP","MARIANO MELGAR","San Gerónimo ","1.10.29","1","10","29"
"AQP","MARIANO MELGAR","Héroes de Cenepa Zona A","1.10.30","1","10","30"
"AQP","MARIANO MELGAR","Virgen del Rosario","1.10.31","1","10","31"
"AQP","MARIANO MELGAR","Nueva Israel","1.10.32","1","10","32"
"AQP","MARIANO MELGAR","Villamar","1.10.33","1","10","33"
"AQP","MARIANO MELGAR","Virgen de Chapi","1.10.34","1","10","34"
"AQP","MARIANO MELGAR","Señor de Huanca","1.10.35","1","10","35"
"AQP","MARIANO MELGAR","Jerusalén","1.10.36","1","10","36"
"AQP","MARIANO MELGAR","Generalísimo San Martín","1.10.37","1","10","37"
"AQP","MARIANO MELGAR","Santa Rosa","1.10.38","1","10","38"
"AQP","MARIANO MELGAR","Amp. Atalaya","1.10.13A","1","10","13A"
"AQP","MARIANO MELGAR","PJ Las Rocas","1.10.14A","1","10","14A"
"AQP","MIRAFLORES","COOP. SAENZ PEÑA","1.11.1","1","11","1"
"AQP","MIRAFLORES","COOP. SAN ANTONIO","1.11.2","1","11","2"
"AQP","MIRAFLORES","P. T.  MIRAFLORES PARTE BAJA","1.11.3","1","11","3"
"AQP","MIRAFLORES","ZONA COMERCIAL FERIA DEL ALTIPLANO","1.11.4","1","11","4"
"AQP","MIRAFLORES","MALECON CHORRILLOS","1.11.5","1","11","5"
"AQP","MIRAFLORES","PEDRO RUIZ GALLO","1.11.6","1","11","6"
"AQP","MIRAFLORES","CUARTEL GENERAL SALAVERRY","1.11.7","1","11","7"
"AQP","MIRAFLORES","VILLA DE OFICIALES MIRAFLORES","1.11.8","1","11","8"
"AQP","MIRAFLORES","P. T. MIRAFLORES PARTE INTERMEDIA","1.11.9","1","11","9"
"AQP","MIRAFLORES","CERCADO- LA CHAVELA","1.11.10","1","11","10"
"AQP","MIRAFLORES","TERMINAL CALVARIO","1.11.11","1","11","11"
"AQP","MIRAFLORES","URB. CHAPI CHICO","1.11.12","1","11","12"
"AQP","MIRAFLORES","LAS PALMERAS - LOS GUINDOS","1.11.13","1","11","13"
"AQP","MIRAFLORES","EDIFICADORES MISTI A","1.11.14","1","11","14"
"AQP","MIRAFLORES","URB. SALAVERRY","1.11.15","1","11","15"
"AQP","MIRAFLORES","COOPERATIVA 14","1.11.16","1","11","16"
"AQP","MIRAFLORES","GARCILAZO DE LA VEGA","1.11.17","1","11","17"
"AQP","MIRAFLORES","EDIFICADORES MISTI B","1.11.18","1","11","18"
"AQP","MIRAFLORES","MALECON IQUIQUE","1.11.19","1","11","19"
"AQP","MIRAFLORES","PEÑON ALFONSO UGARTE  - LAS PEÑAS","1.11.20","1","11","20"
"AQP","MIRAFLORES","SOLIDARIDAD","1.11.21","1","11","21"
"AQP","MIRAFLORES","EL PORVENIR MRAFLORES","1.11.22","1","11","22"
"AQP","MIRAFLORES","LUCEROS DEL MISTI","1.11.23","1","11","23"
"AQP","MIRAFLORES","FRANCISCO MOSTAJO","1.11.24","1","11","24"
"AQP","MIRAFLORES","PARQUE ARTESANAL-U. NEISSER-CLAVELES","1.11.25","1","11","25"
"AQP","MIRAFLORES","VILLA ESPERANZA","1.11.26","1","11","26"
"AQP","MIRAFLORES","PROLONGACION GOYENECHE","1.11.27","1","11","27"
"AQP","MIRAFLORES","LA ISLA","1.11.28","1","11","28"
"AQP","MIRAFLORES","VILLA GOYENECHE","1.11.29","1","11","29"
"AQP","MIRAFLORES","VILLA FAMILIA-BUEN AMANECER","1.11.30","1","11","30"
"AQP","MIRAFLORES","URB. JOSE GARCIA RONCEROS","1.11.31","1","11","31"
"AQP","MIRAFLORES","LOS INCAS","1.11.32","1","11","32"
"AQP","MIRAFLORES","SR. DE LOS MILAGROS-OLIVOS","1.11.33","1","11","33"
"AQP","MIRAFLORES","TAHUANTINSUYO","1.11.34","1","11","34"
"AQP","MIRAFLORES","FUERTE ARICA","1.11.35","1","11","35"
"AQP","MIRAFLORES","VILLA ARICA","1.11.36","1","11","36"
"AQP","MIRAFLORES","VILLA COYLLORITE","1.11.37","1","11","37"
"AQP","MIRAFLORES","SEÑOR DE COYLLORITE","1.11.38","1","11","38"
"AQP","MIRAFLORES","VILLA LA PRADERA A","1.11.39","1","11","39"
"AQP","MIRAFLORES","VILLA LA PRADERA B","1.11.40","1","11","40"
"AQP","MIRAFLORES","JUAN XXIII A","1.11.41","1","11","41"
"AQP","MIRAFLORES","JUAN XXIII B","1.11.42","1","11","42"
"AQP","MIRAFLORES","ALTO JUAN XXIII","1.11.43","1","11","43"
"AQP","MIRAFLORES","GALAXIAS B","1.11.44","1","11","44"
"AQP","MIRAFLORES","GALAXIAS A","1.11.45","1","11","45"
"AQP","MIRAFLORES","GIRASOLES","1.11.46","1","11","46"
"AQP","MIRAFLORES","LOS CUETEROS","1.11.47","1","11","47"
"AQP","MIRAFLORES","GALAXIAS C","1.11.48","1","11","48"
"AQP","MIRAFLORES","AMPL. HEROES DEL PACIFICO","1.11.49","1","11","49"
"AQP","MIRAFLORES","CORAZON DE JESUS","1.11.50","1","11","50"
"AQP","MIRAFLORES","HEROES DEL PACIFCO","1.11.51","1","11","51"
"AQP","MIRAFLORES","TOMASA TITO CONDEMAYTA","1.11.52","1","11","52"
"AQP","MIRAFLORES","CRISTO BLANCO","1.11.53","1","11","53"
"AQP","MIRAFLORES","EL SALVADOR","1.11.54","1","11","54"
"AQP","MIRAFLORES","MATEO PUMACAHUA","1.11.55","1","11","55"
"AQP","MIRAFLORES","GRANJA LOS SAUCES","1.11.56","1","11","56"
"AQP","MIRAFLORES","VILLA EL SALVADOR","1.11.57","1","11","57"
"AQP","MIRAFLORES","EL MIRADOR DE MIRAFLORES","1.11.58","1","11","58"
"AQP","MIRAFLORES","SEÑOR DE LOS MILAGROS","1.11.59","1","11","59"
"AQP","MIRAFLORES","GRANJA NUEVO AMANECER","1.11.60","1","11","60"
"AQP","MOLLEBAYA","Alcosa Pajonal Mirador","1.12.1","1","12","1"
"AQP","MOLLEBAYA","Señor de los Milagros","1.12.2","1","12","2"
"AQP","MOLLEBAYA","Chapi Ladrillerias","1.12.3","1","12","3"
"AQP","MOLLEBAYA","San Isidro","1.12.4","1","12","4"
"AQP","MOLLEBAYA","Machahuaya","1.12.5","1","12","5"
"AQP","MOLLEBAYA","Santa Ana","1.12.6","1","12","6"
"AQP","MOLLEBAYA","Mollebaya","1.12.7","1","12","7"
"AQP","PAUCARPATA","PT Paucarpata","1.13.1","1","13","1"
"AQP","PAUCARPATA","Jesus Nazareno","1.13.2","1","13","2"
"AQP","PAUCARPATA","Mirador de San Lucas y San Ignacio","1.13.3","1","13","3"
"AQP","PAUCARPATA","La Finca","1.13.4","1","13","4"
"AQP","PAUCARPATA","La Fabela","1.13.5","1","13","5"
"AQP","PAUCARPATA","Villa Los Pinos, Inmaculada Concepción, Las Flores, El Establo","1.13.6","1","13","6"
"AQP","PAUCARPATA","La Chacrita","1.13.7","1","13","7"
"AQP","PAUCARPATA","Alto Paucarpata","1.13.8","1","13","8"
"AQP","PAUCARPATA","Nueva Alborada","1.13.9","1","13","9"
"AQP","PAUCARPATA","Santa Maria I","1.13.10","1","13","10"
"AQP","PAUCARPATA","Tres Marias","1.13.11","1","13","11"
"AQP","PAUCARPATA","Santa Maria II","1.13.12","1","13","12"
"AQP","PAUCARPATA","Buena Vista II","1.13.13","1","13","13"
"AQP","PAUCARPATA","Buena Vista III","1.13.14","1","13","14"
"AQP","PAUCARPATA","Buena Vista I","1.13.15","1","13","15"
"AQP","PAUCARPATA","Texas 2000","1.13.16","1","13","16"
"AQP","PAUCARPATA","La Quebrada","1.13.17","1","13","17"
"AQP","PAUCARPATA","Santo Domingo","1.13.18","1","13","18"
"AQP","PAUCARPATA","La Ramosa","1.13.19","1","13","19"
"AQP","PAUCARPATA","Girasoles - Santa Teresa","1.13.20","1","13","20"
"AQP","PAUCARPATA","Naciones Unidas","1.13.21","1","13","21"
"AQP","PAUCARPATA","Amp. Buena Vista","1.13.22","1","13","22"
"AQP","PAUCARPATA","Rosaspata","1.13.23","1","13","23"
"AQP","PAUCARPATA","Huacsapata","1.13.24","1","13","24"
"AQP","PAUCARPATA","Asoc. Progreso","1.13.25","1","13","25"
"AQP","PAUCARPATA","Nazareno","1.13.26","1","13","26"
"AQP","PAUCARPATA","El Cebollar","1.13.27","1","13","27"
"AQP","PAUCARPATA","San Antonio de Abad","1.13.28","1","13","28"
"AQP","PAUCARPATA","Mirador de Jesús","1.13.29","1","13","29"
"AQP","PAUCARPATA","Villa Santa Rosa","1.13.30","1","13","30"
"AQP","PAUCARPATA","Los Rosales de Chiguata","1.13.31","1","13","31"
"AQP","PAUCARPATA","Balnearios de Jesús","1.13.32","1","13","32"
"AQP","PAUCARPATA","Virgen de Copacabana","1.13.33","1","13","33"
"AQP","PAUCARPATA","Porvenir de Jesús","1.13.34","1","13","34"
"AQP","PAUCARPATA","Villa Jesús","1.13.35","1","13","35"
"AQP","PAUCARPATA","Virgen El Carmen","1.13.36","1","13","36"
"AQP","PAUCARPATA","Corazón de Jesús","1.13.37","1","13","37"
"AQP","PAUCARPATA","Los Portales de Chiguata","1.13.38","1","13","38"
"AQP","PAUCARPATA","Nueva Caraboya","1.13.39","1","13","39"
"AQP","PAUCARPATA","Señor de los Milagros","1.13.40","1","13","40"
"AQP","PAUCARPATA","Valle Belén","1.13.41","1","13","41"
"AQP","PAUCARPATA","Cerrito Verde","1.13.42","1","13","42"
"AQP","PAUCARPATA","La Posada de Cristo","1.13.43","1","13","43"
"AQP","PAUCARPATA","Mariscal Nieto","1.13.44","1","13","44"
"AQP","PAUCARPATA","Contisuyo","1.13.45","1","13","45"
"AQP","PAUCARPATA","Ciudad Blanca Zona C y D","1.13.46","1","13","46"
"AQP","PAUCARPATA","Nicaragua","1.13.47","1","13","47"
"AQP","PAUCARPATA","Pedro Vilcapaza","1.13.48","1","13","48"
"AQP","PAUCARPATA",NULL,"1.13.49","1","13","49"
"AQP","PAUCARPATA","Israel","1.13.50","1","13","50"
"AQP","PAUCARPATA","Ciudad Blanca Zona A y B","1.13.51","1","13","51"
"AQP","PAUCARPATA","Jose María Argüedas","1.13.52","1","13","52"
"AQP","PAUCARPATA","California B","1.13.53","1","13","53"
"AQP","PAUCARPATA","Luz y Alegría","1.13.54","1","13","54"
"AQP","PAUCARPATA","Alto Jesús","1.13.55","1","13","55"
"AQP","PAUCARPATA","Campo Marte","1.13.56","1","13","56"
"AQP","PAUCARPATA","Cristo Rey","1.13.57","1","13","57"
"AQP","PAUCARPATA","Urb Los Pinos","1.13.58","1","13","58"
"AQP","PAUCARPATA","Morro de Arica","1.13.59","1","13","59"
"AQP","PAUCARPATA","Nuevo Perú","1.13.60","1","13","60"
"AQP","PAUCARPATA","Urb. La Calerita","1.13.61","1","13","61"
"AQP","PAUCARPATA","Ampliación Paucarpata","1.13.62","1","13","62"
"AQP","PAUCARPATA","Malecón Arica","1.13.63","1","13","63"
"AQP","PAUCARPATA","Urb. 200 Millas","1.13.64","1","13","64"
"AQP","PAUCARPATA",NULL,"1.13.65","1","13","65"
"AQP","PAUCARPATA","San Salvador","1.13.66","1","13","66"
"AQP","PAUCARPATA","Urb. Las Golondrinas Villa Continental","1.13.67","1","13","67"
"AQP","PAUCARPATA","Urb Los Alamos ","1.13.68","1","13","68"
"AQP","PAUCARPATA","Guardia Civil I, II y III","1.13.69","1","13","69"
"AQP","PAUCARPATA","Coviseal","1.13.70","1","13","70"
"AQP","PAUCARPATA","Sor Ana de los Angeles","1.13.71","1","13","71"
"AQP","PAUCARPATA","Coop. 19","1.13.72","1","13","72"
"AQP","PAUCARPATA","Clisa","1.13.73","1","13","73"
"AQP","PAUCARPATA","Villa María El Triunfo","1.13.74","1","13","74"
"AQP","PAUCARPATA","Jesús María","1.13.75","1","13","75"
"AQP","PAUCARPATA","Manuel Prado","1.13.76","1","13","76"
"AQP","PAUCARPATA","Santa María","1.13.77","1","13","77"
"AQP","PAUCARPATA","15 de Enero","1.13.78","1","13","78"
"AQP","PAUCARPATA","Urb. Industrial Cayro","1.13.79","1","13","79"
"AQP","PAUCARPATA","César Vallejo","1.13.80","1","13","80"
"AQP","PAUCARPATA","Viña del Mar","1.13.81","1","13","81"
"AQP","PAUCARPATA","Ulrich Neisser","1.13.82","1","13","82"
"AQP","PAUCARPATA","Leoncio prado","1.13.83","1","13","83"
"AQP","PAUCARPATA","Malecón Paucarpata","1.13.84","1","13","84"
"AQP","PAUCARPATA","California A","1.13.85","1","13","85"
"AQP","PAUCARPATA","Villa Porongoche","1.13.86","1","13","86"
"AQP","PAUCARPATA","Manco Capac","1.13.87","1","13","87"
"AQP","PAUCARPATA","Jose Carlos Mariategui","1.13.88","1","13","88"
"AQP","PAUCARPATA","Apima","1.13.89","1","13","89"
"AQP","PAUCARPATA","Francisco Mostajo","1.13.90","1","13","90"
"AQP","PAUCARPATA","Villa Artesanal","1.13.91","1","13","91"
"AQP","PAUCARPATA","Progresista","1.13.92","1","13","92"
"AQP","PAUCARPATA","El Pedregal","1.13.93","1","13","93"
"AQP","PAUCARPATA","La Lomada","1.13.94","1","13","94"
"AQP","PAUCARPATA","15 de Agosto","1.13.95","1","13","95"
"AQP","PAUCARPATA","Jorge Chavez","1.13.96","1","13","96"
"AQP","PAUCARPATA","Los Angeles Negros","1.13.97","1","13","97"
"AQP","PAUCARPATA","Villa Belén","1.13.98","1","13","98"
"AQP","PAUCARPATA","Miguel Grau Zona B","1.13.99","1","13","99"
"AQP","PAUCARPATA","Miguel grau Zona A","1.13.100","1","13","100"
"AQP","PAUCARPATA","Hijos de Grau","1.13.101","1","13","101"
"AQP","PAUCARPATA","Villa Pacífico","1.13.102","1","13","102"
"AQP","PAUCARPATA","29 de Agosto San Miguel Grau","1.13.103","1","13","103"
"AQP","PAUCARPATA","Miguel grau Zona D","1.13.104","1","13","104"
"AQP","PAUCARPATA","Miguel Grau Zona C","1.13.105","1","13","105"
"AQP","PAUCARPATA","Villa Miguel Grau","1.13.106","1","13","106"
"AQP","PAUCARPATA","A. Von Humboldt","1.13.107","1","13","107"
"AQP","PAUCARPATA","Urb. La Colonial Las Mercedes","1.13.68A","1","13","68A"
"AQP","PAUCARPATA","Urb. Las Marias","1.13.68B","1","13","68B"
"AQP","PAUCARPATA","Las Cucardas Guardia Civil IV","1.13.68C","1","13","68C"
"AQP","QUEQUEÑA","San isidro","1.16.1","1","16","1"
"AQP","QUEQUEÑA","Quequeña","1.16.2","1","16","2"
"AQP","QUEQUEÑA","Belaunde","1.16.3","1","16","3"
"AQP","SABANDIA","Las Rocas","1.17.1","1","17","1"
"AQP","SABANDIA","Ampliacion La Isla","1.17.2","1","17","2"
"AQP","SABANDIA","La Isla","1.17.3","1","17","3"
"AQP","SABANDIA","PT Sabandia","1.17.4","1","17","4"
"AQP","SABANDIA","Urb. Los Pinos","1.17.5","1","17","5"
"AQP","SABANDIA","Yumina","1.17.6","1","17","6"
"AQP","SABANDIA","Buena Vista","1.17.7","1","17","7"
"AQP","SABANDIA","Coripata","1.17.8","1","17","8"
"AQP","SACHACA","PJ Santa María de Guadalupe","1.18.1","1","18","1"
"AQP","SACHACA","Alto Guadalupe","1.18.2","1","18","2"
"AQP","SACHACA","Marcarani","1.18.3","1","18","3"
"AQP","SACHACA","7 de Junio","1.18.4","1","18","4"
"AQP","SACHACA","San Gerónimo","1.18.5","1","18","5"
"AQP","SACHACA","Pedro Vilcapaza","1.18.6","1","18","6"
"AQP","SACHACA","Avis Corazón de Jesús","1.18.7","1","18","7"
"AQP","SACHACA","28 de Julio","1.18.8","1","18","8"
"AQP","SACHACA","Jose Maria Argüedas","1.18.9","1","18","9"
"AQP","SACHACA","Victor Maldonado","1.18.10","1","18","10"
"AQP","SACHACA","Chiriguana","1.18.11","1","18","11"
"AQP","SACHACA","Pasos del Señor","1.18.12","1","18","12"
"AQP","SACHACA","Angeles de la Cruz","1.18.13","1","18","13"
"AQP","SACHACA","Alto de Amados","1.18.14","1","18","14"
"AQP","SACHACA","Tio Chico","1.18.15","1","18","15"
"AQP","SACHACA","Tio Grande","1.18.16","1","18","16"
"AQP","SACHACA","23 de Junio","1.18.17","1","18","17"
"AQP","SACHACA","Villa Nueva Esperanza","1.18.18","1","18","18"
"AQP","SACHACA","PJ Villa el Triunfo","1.18.19","1","18","19"
"AQP","SACHACA","Villa María el Triunfo","1.18.20","1","18","20"
"AQP","SACHACA","Villa Esperanza","1.18.21","1","18","21"
"AQP","SACHACA","Huaranguillo","1.18.22","1","18","22"
"AQP","SACHACA","Pampa de Camarones","1.18.23","1","18","23"
"AQP","SACHACA","Cerro La Aparecida","1.18.24","1","18","24"
"AQP","SACHACA","Cercado de Sachaca","1.18.25","1","18","25"
"AQP","SACHACA","Av. Fernandini","1.18.26","1","18","26"
"AQP","SACHACA","Calle Cusco","1.18.27","1","18","27"
"AQP","SACHACA","Arancota","1.18.28","1","18","28"
"AQP","SACHACA","Arrayanes","1.18.29","1","18","29"
"AQP","SACHACA","Perez Aranibar","1.18.30","1","18","30"
"AQP","SACHACA","Zona Rural de Sachaca","1.18.31","1","18","31"
"AQP","SACHACA","Av. Francisco Valencia","1.18.11A","1","18","11A"
"AQP","SACHACA","Villa Los Angeles","1.18.1A","1","18","1A"
"AQP","SACHACA","Irrigación Huaranguillo","1.18.22A","1","18","22A"
"AQP","SACHACA","Los Bosques","1.18.4A","1","18","4A"
"AQP","SACHACA","Alto Mirador Corazón de Jesús","1.18.7A","1","18","7A"
"AQP","SACHACA","1 de Julio Alto Arguedas","1.18.9A","1","18","9A"
"AQP","UCHUMAYO","Leticia","1.23.1","1","23","1"
"AQP","UCHUMAYO","Huayco","1.23.2","1","23","2"
"AQP","UCHUMAYO","Santa Teresa","1.23.3","1","23","3"
"AQP","UCHUMAYO","PT Congata","1.23.4","1","23","4"
"AQP","UCHUMAYO","Carmen II","1.23.5","1","23","5"
"AQP","UCHUMAYO",NULL,"1.23.6","1","23","6"
"AQP","UCHUMAYO","Villa La Union","1.23.7","1","23","7"
"AQP","UCHUMAYO","Enace I","1.23.8","1","23","8"
"AQP","UCHUMAYO","Carmen I","1.23.9","1","23","9"
"AQP","UCHUMAYO","Enace II","1.23.10","1","23","10"
"AQP","UCHUMAYO",NULL,"1.23.11","1","23","11"
"AQP","UCHUMAYO","El Trebol","1.23.12","1","23","12"
"AQP","UCHUMAYO","Cerro Pan de Azúcar","1.23.13","1","23","13"
"AQP","UCHUMAYO","Cerro Verde","1.23.14","1","23","14"
"AQP","UCHUMAYO","Nazareno","1.23.15","1","23","15"
"AQP","UCHUMAYO","Amp. Alto Cerro Verde","1.23.16","1","23","16"
"AQP","UCHUMAYO","Alto Cerro Verde","1.23.17","1","23","17"
"AQP","UCHUMAYO","Frente al Sol","1.23.18","1","23","18"
"AQP","UCHUMAYO","La Molina","1.23.19","1","23","19"
"AQP","UCHUMAYO","Virgen de las peñas","1.23.20","1","23","20"
"AQP","UCHUMAYO","Pueblo Libre","1.23.21","1","23","21"
"AQP","UCHUMAYO","Estación Uchumayo","1.23.22","1","23","22"
"AQP","UCHUMAYO","PT Uchumayo","1.23.23","1","23","23"
"AQP","UCHUMAYO","Buenos Aires","1.23.24","1","23","24"
"AQP","UCHUMAYO","Añashuayco","1.23.25","1","23","25"
"AQP","UCHUMAYO","La Rinconada","1.23.26","1","23","26"
"AQP","UCHUMAYO","Mollebaya Chico","1.23.27","1","23","27"
"AQP","UCHUMAYO","Mollebaya Grande","1.23.28","1","23","28"
"AQP","UCHUMAYO","Paraiso","1.23.29","1","23","29"
"AQP","UCHUMAYO","Quishuarani","1.23.30","1","23","30"
"AQP","UCHUMAYO","Huasamayo","1.23.31","1","23","31"
"AQP","UCHUMAYO","Palca Uchumayo","1.23.32","1","23","32"
"AQP","TIABAYA","Pueblo Tradicional Tiabaya","1.24.1","1","24","1"
"AQP","TIABAYA","Santa Teresa","1.24.2","1","24","2"
"AQP","TIABAYA","Alto Patasagua","1.24.3","1","24","3"
"AQP","TIABAYA","Juan Pablo II","1.24.4","1","24","4"
"AQP","TIABAYA","San José","1.24.5","1","24","5"
"AQP","TIABAYA","Santa Rita","1.24.6","1","24","6"
"AQP","TIABAYA","San Pedro","1.24.7","1","24","7"
"AQP","TIABAYA","8 de Diciembre","1.24.8","1","24","8"
"AQP","TIABAYA","Los Perales","1.24.9","1","24","9"
"AQP","TIABAYA","Pampas Nuevas","1.24.10","1","24","10"
"AQP","TIABAYA","Micaela Bastidas","1.24.11","1","24","11"
"AQP","TIABAYA","El Molino","1.24.12","1","24","12"
"AQP","TIABAYA","Los Tunales","1.24.13","1","24","13"
"AQP","TIABAYA","Alata","1.24.14","1","24","14"
"AQP","TIABAYA","El Cural de Tiabaya","1.24.11A","1","24","11A"
"AQP","TIABAYA","Alto Tunales","1.24.13A","1","24","13A"
"AQP","TIABAYA","Bajo Patasagua","1.24.3A","1","24","3A"
"AQP","SOCABAYA","Cerro Salaverry","1.25.1","1","25","1"
"AQP","SOCABAYA","Urb. Porvenir","1.25.2","1","25","2"
"AQP","SOCABAYA","4 de Octubre","1.25.3","1","25","3"
"AQP","SOCABAYA","Corazón de Jesús","1.25.4","1","25","4"
"AQP","SOCABAYA","Jesús Nazareno","1.25.5","1","25","5"
"AQP","SOCABAYA","Chavez Castillo","1.25.6","1","25","6"
"AQP","SOCABAYA","Trebol Santa Clara","1.25.7","1","25","7"
"AQP","SOCABAYA","Quebrada Coscollo","1.25.8","1","25","8"
"AQP","SOCABAYA","Villa Orfelina","1.25.9","1","25","9"
"AQP","SOCABAYA","Lara Tradicional I","1.25.10","1","25","10"
"AQP","SOCABAYA","Eden de Lara","1.25.11","1","25","11"
"AQP","SOCABAYA","Corredores de Golf","1.25.12","1","25","12"
"AQP","SOCABAYA","Villa El Golf","1.25.13","1","25","13"
"AQP","SOCABAYA","Santa Cruz de Lara, San Cristobal","1.25.14","1","25","14"
"AQP","SOCABAYA","Buena Vista","1.25.15","1","25","15"
"AQP","SOCABAYA","Los Sauces","1.25.16","1","25","16"
"AQP","SOCABAYA","Sor Ana de los Angeles","1.25.17","1","25","17"
"AQP","SOCABAYA","Los Cristales","1.25.18","1","25","18"
"AQP","SOCABAYA","Villa Campo Ferial","1.25.19","1","25","19"
"AQP","SOCABAYA","Jose Abelardo Quiñones","1.25.20","1","25","20"
"AQP","SOCABAYA","Bellapampa","1.25.21","1","25","21"
"AQP","SOCABAYA","Ciudad mi Trabajo","1.25.22","1","25","22"
"AQP","SOCABAYA","Pueblo Tradicional","1.25.23","1","25","23"
"AQP","SOCABAYA","Asoc. Vivienda Los Rosales","1.25.24","1","25","24"
"AQP","SOCABAYA","La Pampa","1.25.25","1","25","25"
"AQP","SOCABAYA","Horacio Zevallos Games","1.25.26","1","25","26"
"AQP","SOCABAYA","Residencial Corredores el Golf","1.25.27","1","25","27"
"AQP","SOCABAYA","Villa del Sur y Villa de Socabaya","1.25.28","1","25","28"
"AQP","SOCABAYA","Alto Buena Vista","1.25.29","1","25","29"
"AQP","SOCABAYA","Asoc. Habitaciones para la Humanidad","1.25.30","1","25","30"
"AQP","SOCABAYA","Chuca","1.25.31","1","25","31"
"AQP","SOCABAYA","Asermul Mirador de Socabaya","1.25.32","1","25","32"
"AQP","SOCABAYA","Ampliacion Socabaya","1.25.33","1","25","33"
"AQP","SOCABAYA","La Campiña","1.25.34","1","25","34"
"AQP","SOCABAYA","Los Bosques","1.25.35","1","25","35"
"AQP","SOCABAYA","Excordea y PNP","1.25.36","1","25","36"
"AQP","SOCABAYA","Las Rocas","1.25.37","1","25","37"
"AQP","SOCABAYA","La Palizada","1.25.38","1","25","38"
"AQP","SOCABAYA",NULL,"1.25.39","1","25","39"
"AQP","SOCABAYA","Urb. Lara","1.25.40","1","25","40"
"AQP","SOCABAYA","Coop. Las Magnolias","1.25.41","1","25","41"
"AQP","SOCABAYA","El Pasto","1.25.42","1","25","42"
"AQP","SOCABAYA","24 de Junio","1.25.43","1","25","43"
"AQP","SOCABAYA","Amp. San Martín de Socabaya","1.25.44","1","25","44"
"AQP","SOCABAYA","San Martín de Socabaya","1.25.45","1","25","45"
"AQP","SOCABAYA","Lara Tradicional","1.25.10A","1","25","10A"
"AQP","SOCABAYA","Villa Santa Cruz de lara","1.25.14A","1","25","14A"
"AQP","SOCABAYA","Mirador de Bellapampa","1.25.21A","1","25","21A"
"AQP","SOCABAYA","1o de Mayo","1.25.26A","1","25","26A"
"AQP","SOCABAYA","Urb. Villa Lara","1.25.3A","1","25","3A"
"AQP","SOCABAYA","3 de Octubre","1.25.4A","1","25","4A"
"AQP","VITOR","La Trabada Huachipa","1.26.1","1","26","1"
"AQP","VITOR","Tacor - Pampa Desamparados","1.26.2","1","26","2"
"AQP","VITOR","San Jose Taca Morante","1.26.3","1","26","3"
"AQP","VITOR","Pueblo viejo","1.26.4","1","26","4"
"AQP","VITOR","Barrio Nuevo PJ Vitor","1.26.5","1","26","5"
"AQP","VITOR","La Caleta","1.26.6","1","26","6"
"AQP","VITOR","La Cano Chica","1.26.7","1","26","7"
"AQP","VITOR","Sotillo","1.26.8","1","26","8"
"AQP","VITOR","San Luis","1.26.9","1","26","9"
"AQP","VITOR","9 de Febrero","1.26.10","1","26","10"
"AQP","VITOR","Pie de la Cuesta I y II","1.26.11","1","26","11"
"AQP","VITOR","Mocoro","1.26.12","1","26","12"
"AQP","VITOR","Palca Vitor","1.26.13","1","26","13"
"AQP","VITOR","Haciendas Río Abajo","1.26.1A","1","26","1A"
"AQP","YANAHUARA","Urb. Fatima","1.27.8","1","27","8"
"AQP","YANAHUARA","Coop. Guillermo Torre Blanca","1.27.9","1","27","9"
"AQP","YARABAMBA","Sogay","1.28.1","1","28","1"
"AQP","YARABAMBA","Quichiniguaya","1.28.2","1","28","2"
"AQP","YARABAMBA","San Antonio","1.28.3","1","28","3"
"AQP","YARABAMBA","Cerro la Hacienda","1.28.4","1","28","4"
"AQP","YARABAMBA","Pueblo Tradicional Yarabamba","1.28.5","1","28","5"
"CARAVELI","CARAVELI","Fundo el Hospital - Alto Molino","4.6.1","4","6","1"
"CARAVELI","CARAVELI","Anchaqui","4.6.2","4","6","2"
"CARAVELI","CARAVELI","La Enanta","4.6.3","4","6","3"
"CARAVELI","CARAVELI","Pueblo Tradicional","4.6.5","4","6","5"
"CARAVELI","CARAVELI","Chuñuño","4.6.12","4","6","12"
"CARAVELI","CARAVELI","La Huarca","4.6.18","4","6","18"
"CARAVELI","CARAVELI","Saitiña","4.6.23","4","6","23"
"CARAVELI","CARAVELI","Virgen del Buen Paso","4.6.25","4","6","25"
"CARAVELI","CARAVELI","Vista Alegre","4.6.26","4","6","26"
"AQP","LA JOYA","Sector Base Aerea","1.9.17A","1","9","17A"
"AQP","LA JOYA","San Luis La Cano","1.9.28A","1","9","28A"
"AQP","LA JOYA","San José","1.9.31","1","9","31"
"AQP","SANTA ISABEL DE SIGUAS","Rancheria-Laderas","1.21.1","1","21","1"
"AQP","SANTA ISABEL DE SIGUAS","San Basilio-Cujan","1.21.8","1","21","8"
"AQP","CHARACATO","Balcones Umapalca","1.5.23","1","5","23"
"AQP","SANTA RITA DE SIGUAS","Nuevo San Juan","1.22.5","1","22","5"
"AQP","SANTA RITA DE SIGUAS","24 de Junio","1.22.6","1","22","6"
"AQP","SANTA RITA DE SIGUAS","Augusto Guilardi","1.22.7","1","22","7"
"AQP","A.S.A","ALTO SELVA ALEGRE A","1.1.1","1","1","1"
"AQP","A.S.A","ALTO SELVA ALEGRE B","1.1.2","1","1","2"
"AQP","A.S.A","ALTO SELVA ALEGRE C","1.1.3","1","1","3"
"AQP","A.S.A","URB. GRAFICOS","1.1.4","1","1","4"
"AQP","A.S.A","COOP. DE VIVDA ANDRES A. CACERES","1.1.5","1","1","5"
"AQP","A.S.A","COOP. DE VIVDA LA ESTRELLA","1.1.6","1","1","6"
"AQP","A.S.A","ASOC. DE VIVDA ANTONIO J. DE SUCRE","1.1.7","1","1","7"
"AQP","A.S.A","UPIS SAN JOSE","1.1.8","1","1","8"
"AQP","A.S.A","COOP. DE VIVDA VILLA EL SOL","1.1.9","1","1","9"
"AQP","A.S.A","UPIS RAMIRO PRIALE","1.1.10","1","1","10"
"AQP","A.S.A","COOP. ARTESANAL ARPROMA","1.1.11","1","1","11"
"AQP","A.S.A","ASOC DE VIVIDA JUAN V. ALVARADO","1.1.12","1","1","12"
"AQP","A.S.A","ASOC DE VIVIDA VILLA EL MIRADOR","1.1.13","1","1","13"
"AQP","A.S.A","A.A.H.H. JAVIER HERAUD","1.1.14","1","1","14"
"AQP","A.S.A","ASOC. DE VIVDA. EL CONQUISTADOR","1.1.15","1","1","15"
"AQP","A.S.A","ASOC. DE VIVIDA VILLA AREQUIPA","1.1.16","1","1","16"
"AQP","A.S.A","AUGUSTO SALAZAR BONDY","1.1.17","1","1","17"
"AQP","A.S.A","COLEGIO MILITAR","1.1.18","1","1","18"
"AQP","A.S.A","EGASA-ZONA RURAL","1.1.19","1","1","19"
"AQP","A.S.A","QUINTA CLUB LABRADOR DE CHILINA","1.1.20","1","1","20"
"AQP","A.S.A","AVIS CRUCE DE CHILINA","1.1.21","1","1","21"
"AQP","A.S.A","AVIS JUAN VELASCO ALVARADO A","1.1.22","1","1","22"
"AQP","A.S.A","AVIS VILLA EL CONQUISTADOR II","1.1.23","1","1","23"
"AQP","A.S.A","COOP. DE VDA. VISTA ALEGRE","1.1.24","1","1","24"
"AQP","A.S.A","COOP. DE VDA. ENATRU","1.1.25","1","1","25"
"AQP","A.S.A","COOP. DE VDA. CRUCE DE CHILINA","1.1.26","1","1","26"
"AQP","A.S.A","COOP. DE VDA. LOS EUCALIPTOS","1.1.27","1","1","27"
"AQP","A.S.A","AVIS RAFAEL HOYOS RUBIOS","1.1.28","1","1","28"
"AQP","A.S.A","ASOC. ARTESANAL EL MISTI","1.1.29","1","1","29"
"AQP","A.S.A","AVIS NESTOR CACERES VELASQUEZ II","1.1.30","1","1","30"
"AQP","A.S.A","COMPLEJO ARTESANAL A. SELVA ALEGRE","1.1.31","1","1","31"
"AQP","A.S.A","AVIS NESTOR CACERES VELASQUEZ I","1.1.32","1","1","32"
"AQP","A.S.A","AVIS AMPLIACION APURIMAC","1.1.33","1","1","33"
"AQP","A.S.A","URB. APURUMAC","1.1.34","1","1","34"
"AQP","A.S.A","AVIS 14 DE AGOSTO","1.1.35","1","1","35"
"AQP","A.S.A","AVIS VILLA VITARTE-SAN HILARION","1.1.36","1","1","36"
"AQP","A.S.A","AVIS GARCILAZO DE LA VEGA ","1.1.37","1","1","37"
"AQP","A.S.A","AVIS LEONES DEL MISTI","1.1.38","1","1","38"
"AQP","A.S.A","AMP. VILLA UNION","1.1.39","1","1","39"
"AQP","A.S.A","AVIS VILLA UNION","1.1.40","1","1","40"
"AQP","A.S.A","NUEVA ESPERANZA-SAN LUIS","1.1.41","1","1","41"
"AQP","A.S.A","UPIS SAN LUIS","1.1.42","1","1","42"
"AQP","A.S.A","VIRGEN DE CHAPI","1.1.43","1","1","43"
"AQP","A.S.A","UPIS SEÑOR DE LAS PIEDADES","1.1.44","1","1","44"
"AQP","A.S.A","GRANJEROS SAN LAZARO","1.1.45","1","1","45"
"AQP","A.S.A","AVIS EL MIRADOR II","1.1.46","1","1","46"
"AQP","A.S.A","AVIS BELLA ESPERANZA","1.1.47","1","1","47"
"AQP","A.S.A","AVIS JAVIER HERAUD ARTE ALTA","1.1.48","1","1","48"
"AQP","A.S.A","AA.HH. AMPLIACION JAVIER HERAUD","1.1.49","1","1","49"
"AQP","A.S.A","AVIS LAS ROCAS","1.1.50","1","1","50"
"AQP","A.S.A","ASOC. PARQUE ARTESANAL PIROTECNICOS","1.1.51","1","1","51"
"AQP","A.S.A","PROGRAMA MUNICIPAL SECTOR 2","1.1.52","1","1","52"
"AQP","A.S.A","PROGRAMA MUNICIPAL SECTOR 3","1.1.53","1","1","53"
"AQP","A.S.A","PROGRAMA MUNICIPAL SECTOR 4","1.1.54","1","1","54"
"AQP","A.S.A","PROGRAMA MUNICIPAL","1.1.55","1","1","55"
"AQP","A.S.A","ASOC. TALLER LOS PORTALES DEL MIRADOR","1.1.56","1","1","56"
"AQP","A.S.A","PROGRAMA MUNICIPAL LOS ANGELES DEL MISTI","1.1.57","1","1","57"
"AQP","A.S.A","AVIS LOS TRES BALCONES DEL MISTI","1.1.58","1","1","58"
"AQP","A.S.A","EL GRAN CHAPARRAL","1.1.59","1","1","59"
"AQP","A.S.A","EL MIRADOR ZONA B","1.1.60","1","1","60"
"AQP","A.S.A","EL MIRADOR ZONA C","1.1.61","1","1","61"
"AQP","A.S.A","EL MIRADOR ZONA A","1.1.62","1","1","62"
"AQP","A.S.A","ASOC. CHAVIN DE HUANTAR","1.1.63","1","1","63"
"AQP","A.S.A","ASOC. DE PORCICULTORES","1.1.64","1","1","64"
"AQP","A.S.A","ASOC. SAN LUIS GONZAGA","1.1.65","1","1","65"
"AQP","A.S.A","AMPL. EL HUARANGAL","1.1.66","1","1","66"
"AQP","A.S.A","ASOC. EL HUARANGAL ZONA B","1.1.67","1","1","67"
"AQP","A.S.A","ASOC. EL HUARANGAL ZONA A","1.1.68","1","1","68"
"AQP","A.S.A","AVIS EL MIRADOR Z 33","1.1.69","1","1","69"
"AQP","A.S.A","VILLA ASUNCION","1.1.70","1","1","70"
"AQP","A.S.A","VILLA CHACHAS","1.1.71","1","1","71"
"AQP","A.S.A","LAS MALVINAS","1.1.72","1","1","72"
"AQP","A.S.A","LEALTAD DEMOCRATICA","1.1.73","1","1","73"
"AQP","A.S.A","INDEPENDENCIA ZONA B","1.1.74","1","1","74"
"AQP","A.S.A","VILLA INDEPENDIENTE ZONA A","1.1.75","1","1","75"
"AQP","A.S.A","VILLA INDEPENDIENTE ZONA B","1.1.76","1","1","76"
"AQP","A.S.A","PRIMERO DE ENERO","1.1.77","1","1","77"
"AQP","A.S.A","INDEPENDENCIA ZONA A-1","1.1.78","1","1","78"
"AQP","A.S.A","INDEPENDENCIA ZONA A-2","1.1.79","1","1","79"
"AQP","A.S.A","VILLA SAN PABLO","1.1.80","1","1","80"
"AQP","A.S.A","VILA FLORIDA","1.1.81","1","1","81"
"AQP","A.S.A","PAMPA CHICA","1.1.82","1","1","82"
"AQP","A.S.A","VILLA SALVADOR","1.1.83","1","1","83"
"AQP","A.S.A","SAN SALVADOR","1.1.84","1","1","84"
"AQP","A.S.A","ANDENES DE CHILINA","1.1.85","1","1","85"
"AQP","A.S.A","BALCONES DEL MISTI","1.1.86","1","1","86"
"AQP","A.S.A","VILLA CRONFRATERNIDAD ZONA A-I","1.1.87","1","1","87"
"AQP","A.S.A","VILLA CRONFRATERNIDAD ZONA A-II","1.1.88","1","1","88"
"AQP","A.S.A","AMP. VILLA CONFRATERNIDAD ZONA D","1.1.89","1","1","89"
"AQP","A.S.A","VILLA CONFRATERNIDAD ZONA D (Villa Paraisito)","1.1.90","1","1","90"
"AQP","A.S.A","ENACE","1.1.91","1","1","91"
"AQP","A.S.A","VILLA CONFRATERNIDAD ZONA C","1.1.92","1","1","92"
"AQP","A.S.A","VILLLA CONFRATERNIDAD ZONA B-I","1.1.93","1","1","93"
"AQP","A.S.A","VILLA CONFRATERNIDAD ZONA B-II","1.1.94","1","1","94"
"AQP","A.S.A","VILLA CONFRATERNIDAD ZONA B III","1.1.95","1","1","95"
"AQP","A.S.A","AMPL. VILLA ECOLOGICA ZONA C","1.1.96","1","1","96"
"AQP","A.S.A","VILLLA ECOLOGICA ZONA C-I","1.1.97","1","1","97"
"AQP","A.S.A","VILLLA ECOLOGICA ZONA C II","1.1.98","1","1","98"
"AQP","A.S.A","VILLLA ECOLOGICA ZONA D-I","1.1.99","1","1","99"
"AQP","A.S.A","VILLA ECOLOGICA ZONA D-II","1.1.100","1","1","100"
"AQP","A.S.A","VILLA ECOLOGICA ZONA E-I","1.1.101","1","1","101"
"AQP","A.S.A","VILLA ECOLOGICA ZONA E-II","1.1.102","1","1","102"
"AQP","CERRO COLORADO","Calle los Manantiales","1.4.1","1","4","1"
"AQP","CERRO COLORADO","PT Pachacutec Viejo","1.4.2","1","4","2"
"AQP","CERRO COLORADO","Urb. Las Flores","1.4.3","1","4","3"
"AQP","CERRO COLORADO","Recreo y Engorde de Ganado el Angel","1.4.4","1","4","4"
"AQP","CERRO COLORADO","Urb. Angel Ibarcena Reynoso","1.4.5","1","4","5"
"AQP","CERRO COLORADO","Urb. San Juan","1.4.6","1","4","6"
"AQP","CERRO COLORADO","Urb. Buganvillas","1.4.7","1","4","7"
"AQP","CERRO COLORADO","P.P.J.J. Tupac Amaru Zona A","1.4.8","1","4","8"
"AQP","CERRO COLORADO","Micaela Bastidas","1.4.9","1","4","9"
"AQP","CERRO COLORADO","Urb. Sudamericana","1.4.10","1","4","10"
"AQP","CERRO COLORADO","Tupac Amaru Zona C Bordo Alto","1.4.11","1","4","11"
"AQP","CERRO COLORADO","Tupac Amaru Zona B","1.4.12","1","4","12"
"AQP","CERRO COLORADO","Fundo la Quebrada","1.4.13","1","4","13"
"AQP","CERRO COLORADO","P.P.J.J. Mariscal Castilla","1.4.14","1","4","14"
"AQP","CERRO COLORADO","Jose Santos Atahualpa","1.4.15","1","4","15"
"AQP","CERRO COLORADO","Urb. SemiRural Pachacutec Sector VIII","1.4.16","1","4","16"
"AQP","CERRO COLORADO","Urb. SemiRural Pachacutec Sector VIIIA","1.4.17","1","4","17"
"AQP","CERRO COLORADO","Urb. SemiRural Pachacutec Sector I","1.4.18","1","4","18"
"AQP","CERRO COLORADO","Urb. SemiRural Pachacutec Sector II","1.4.19","1","4","19"
"AQP","CERRO COLORADO","Urb. SemiRural Pachacutec Sector III","1.4.20","1","4","20"
"AQP","CERRO COLORADO","Urb. SemiRural Pachacutec Sector IV","1.4.21","1","4","21"
"AQP","CERRO COLORADO","Urb. SemiRural Pachacutec Sector V","1.4.22","1","4","22"
"AQP","CERRO COLORADO","Urb. SemiRural Pachacutec Sector VI","1.4.23","1","4","23"
"AQP","CERRO COLORADO","Urb. SemiRural Pachacutec Sector VII","1.4.24","1","4","24"
"AQP","CERRO COLORADO","El Cural Lateral 1","1.4.25","1","4","25"
"AQP","CERRO COLORADO","Asoc. De Vivienda Sol Naciente","1.4.26","1","4","26"
"AQP","CERRO COLORADO","El Cural Lateral 2","1.4.27","1","4","27"
"AQP","CERRO COLORADO","El Cural Lateral 3","1.4.28","1","4","28"
"AQP","CERRO COLORADO","El Cural Lateral 4","1.4.29","1","4","29"
"AQP","CERRO COLORADO","El Cural Lateral 5","1.4.30","1","4","30"
"AQP","CERRO COLORADO","El Cural Lateral 6","1.4.31","1","4","31"
"AQP","CERRO COLORADO","El Cural Lateral 7","1.4.32","1","4","32"
"AQP","CERRO COLORADO","El Cural Lateral 8","1.4.33","1","4","33"
"AQP","CERRO COLORADO","Asoc. De Vivienda Morro Negro","1.4.34","1","4","34"
"AQP","CERRO COLORADO","Urb. Artempa","1.4.35","1","4","35"
"AQP","CERRO COLORADO","P.P.J.J. Alto Victoria","1.4.36","1","4","36"
"AQP","CERRO COLORADO","P.P.J.J. Alto Libertad Sector 18","1.4.37","1","4","37"
"AQP","CERRO COLORADO","P.P.J.J. Villa santa Anita","1.4.38","1","4","38"
"AQP","CERRO COLORADO","P.P.J.J. Andres Avelino Caceres","1.4.39","1","4","39"
"AQP","CERRO COLORADO","P.P.J.J. Alto Libertad Sector 17","1.4.40","1","4","40"
"AQP","CERRO COLORADO","P.P.J.J. Alto Libertad Sector 16","1.4.41","1","4","41"
"AQP","CERRO COLORADO","P.P.J.J. Alto Libertad Sector 15","1.4.42","1","4","42"
"AQP","CERRO COLORADO","P.P.J.J. Alto Libertad Sector 14","1.4.43","1","4","43"
"AQP","CERRO COLORADO","Zona Rural Alto Libertad","1.4.44","1","4","44"
"AQP","CERRO COLORADO","Veracruz","1.4.45","1","4","45"
"AQP","CERRO COLORADO","Zona Rural La Libertad","1.4.46","1","4","46"
"AQP","CERRO COLORADO","Urb. La Libertad","1.4.47","1","4","47"
"AQP","CERRO COLORADO","Vista Alegre","1.4.48","1","4","48"
"AQP","CERRO COLORADO","Urb. El Solar","1.4.49","1","4","49"
"AQP","CERRO COLORADO","Urb. Quinta Santa Maria","1.4.50","1","4","50"
"AQP","CERRO COLORADO","Jose Galvez 1","1.4.51","1","4","51"
"AQP","CERRO COLORADO","Jose Galvez 2","1.4.52","1","4","52"
"AQP","CERRO COLORADO","Zonal Rural Bordo Alto","1.4.53","1","4","53"
"AQP","CERRO COLORADO","Urb. Azores","1.4.54","1","4","54"
"AQP","CERRO COLORADO","Urb. Aduca","1.4.55","1","4","55"
"AQP","CERRO COLORADO","Urb. El Solar de Challapampa","1.4.56","1","4","56"
"AQP","CERRO COLORADO","Prog. De Vivienda Colegio de Ingenerios","1.4.57","1","4","57"
"AQP","CERRO COLORADO","urb. Sociedad Civil Challapampa","1.4.58","1","4","58"
"AQP","CERRO COLORADO","Urb. Santa Sofia","1.4.59","1","4","59"
"AQP","CERRO COLORADO","Urb. Los Molles","1.4.60","1","4","60"
"AQP","CERRO COLORADO","Urb. Los Sauces","1.4.61","1","4","61"
"AQP","CERRO COLORADO","Urb. La Planicie de Challapampa","1.4.62","1","4","62"
"AQP","CERRO COLORADO","Urb. Los Robles","1.4.63","1","4","63"
"AQP","CERRO COLORADO","Urb. La Norita","1.4.64","1","4","64"
"AQP","CERRO COLORADO","Urb. La Residencial la Merced","1.4.65","1","4","65"
"AQP","CERRO COLORADO","Urb. Santa Teresa de Jesus I","1.4.66","1","4","66"
"AQP","CERRO COLORADO","Urb. Santa Teresa de Jesus II","1.4.67","1","4","67"
"AQP","CERRO COLORADO","Urb. Praderas del Sol","1.4.68","1","4","68"
"AQP","CERRO COLORADO","Urb. 12 de Octubre","1.4.69","1","4","69"
"AQP","CERRO COLORADO","Urb. Elarrabal","1.4.70","1","4","70"
"AQP","CERRO COLORADO","Urb. La Merced","1.4.71","1","4","71"
"AQP","CERRO COLORADO","Quinta Residencial Casabella","1.4.72","1","4","72"
"AQP","CERRO COLORADO","Challapampa Heresi","1.4.73","1","4","73"
"AQP","CERRO COLORADO","Urb. La Montañita","1.4.74","1","4","74"
"AQP","CERRO COLORADO","Urb. 7 de Junio","1.4.75","1","4","75"
"AQP","CERRO COLORADO","Cerrito Los Alvarez","1.4.76","1","4","76"
"AQP","CERRO COLORADO","Cerrito Los Alvarez Av. Ejercito","1.4.77","1","4","77"
"AQP","CERRO COLORADO","Urb. Las Calendulas","1.4.78","1","4","78"
"AQP","CERRO COLORADO","Urb. Villa el Sol","1.4.79","1","4","79"
"AQP","CERRO COLORADO","Urb. Santa Rosa de Lima","1.4.80","1","4","80"
"AQP","CERRO COLORADO","Urb. Alborada","1.4.81","1","4","81"
"AQP","CERRO COLORADO","Urb. La Barra","1.4.82","1","4","82"
"AQP","CERRO COLORADO","Urb. Cerro Colorado","1.4.83","1","4","83"
"AQP","CERRO COLORADO","PT Cerro Viejo","1.4.84","1","4","84"
"AQP","CERRO COLORADO","Urb. La Castallana - La Florida","1.4.85","1","4","85"
"AQP","CERRO COLORADO","Quinta el Sol","1.4.86","1","4","86"
"AQP","CERRO COLORADO","Urb. Virgen del Rosario I","1.4.87","1","4","87"
"AQP","CERRO COLORADO","Urb. Virgen del Rosario II","1.4.88","1","4","88"
"AQP","CERRO COLORADO","Residencial la Fonda","1.4.89","1","4","89"
"AQP","CERRO COLORADO","Coop. Frank Michell","1.4.90","1","4","90"
"AQP","CERRO COLORADO","Urb. San Felipe","1.4.91","1","4","91"
"AQP","CERRO COLORADO","Zona Rural Zamacola Margen Derecho","1.4.92","1","4","92"
"AQP","CERRO COLORADO","Zona Rural Zamacola Margen Izquierda","1.4.93","1","4","93"
"AQP","CERRO COLORADO","Urb. Montebello","1.4.94","1","4","94"
"AQP","CERRO COLORADO","Urb. Cerro Verde","1.4.95","1","4","95"
"AQP","CERRO COLORADO","Urb. Rio Seco","1.4.96","1","4","96"
"AQP","CERRO COLORADO","Quinta la Praderita Rio Seco","1.4.97","1","4","97"
"AQP","CERRO COLORADO","Zona Comercial Rio Seco-Cuartel General","1.4.98","1","4","98"
"AQP","CERRO COLORADO","Zona Comercial Aduanas Pesquero","1.4.99","1","4","99"
"AQP","CERRO COLORADO","Santa Maria","1.4.100","1","4","100"
"AQP","CERRO COLORADO","APTASA","1.4.101","1","4","101"
"AQP","CERRO COLORADO","Cuarentenaria","1.4.102","1","4","102"
"AQP","CERRO COLORADO","Asoc. De Interes Social Villalobos Ampuero ","1.4.103","1","4","103"
"AQP","CERRO COLORADO","Amp. Asoc. De Interes Social Villalobos Ampuero","1.4.104","1","4","104"
"AQP","CERRO COLORADO","Parque Industrial Rio Seco","1.4.105","1","4","105"
"AQP","CERRO COLORADO","Asoc. De Viv. Y Pequeños Granjeros Cantarillas","1.4.106","1","4","106"
"AQP","CERRO COLORADO","Alpi Sr. del Gran Poder","1.4.107","1","4","107"
"AQP","CERRO COLORADO","Juan Pablo II","1.4.108","1","4","108"
"AQP","CERRO COLORADO","Asoc. De Viv. Pampa la Estrella","1.4.109","1","4","109"
"AQP","CERRO COLORADO","Asoc. De Viv. Artesanos del Sillar","1.4.110","1","4","110"
"AQP","CERRO COLORADO","Asoc. De Viv. Talleres del Sillar","1.4.111","1","4","111"
"AQP","CERRO COLORADO","La Cabaña Sector Argentina","1.4.112","1","4","112"
"AQP","CERRO COLORADO","Casa Granja Villa Arapa","1.4.113","1","4","113"
"AQP","CERRO COLORADO","Peru Viv. Sector II-A","1.4.114","1","4","114"
"AQP","CERRO COLORADO","Peru Industrial Sector II","1.4.115","1","4","115"
"AQP","CERRO COLORADO","Peru Viv. Sector II","1.4.116","1","4","116"
"AQP","CERRO COLORADO","Bolivia Viv. Sector III","1.4.117","1","4","117"
"AQP","CERRO COLORADO","Bolivia Industrial Sector III","1.4.118","1","4","118"
"AQP","CERRO COLORADO","Bolivia Viv. Sector III A","1.4.119","1","4","119"
"AQP","CERRO COLORADO","Bolivia Industrial Peruarbo","1.4.120","1","4","120"
"AQP","CERRO COLORADO","Villa Aviacion","1.4.121","1","4","121"
"AQP","CERRO COLORADO","Jose Luis Bustamante Sector II","1.4.122","1","4","122"
"AQP","CERRO COLORADO","Jose Luis Bustamante Sector VI","1.4.123","1","4","123"
"AQP","CERRO COLORADO","Jose Luis Bustamante Sector III","1.4.124","1","4","124"
"AQP","CERRO COLORADO","Bolivia Viv. Sector I","1.4.125","1","4","125"
"AQP","CERRO COLORADO","Peru Viv. Sector I","1.4.126","1","4","126"
"AQP","CERRO COLORADO","Jose Luis Bustamante X","1.4.127","1","4","127"
"AQP","CERRO COLORADO","Jose Luis Bustamante XII","1.4.128","1","4","128"
"AQP","CERRO COLORADO","Jose Luis Bustamante XII","1.4.129","1","4","129"
"AQP","CERRO COLORADO","Jose Luis Bustamante VIII","1.4.130","1","4","130"
"AQP","CERRO COLORADO","Jose Luis Bustamante IX","1.4.131","1","4","131"
"AQP","CERRO COLORADO","Jose Luis Bustamante VII","1.4.132","1","4","132"
"AQP","CERRO COLORADO","Jose Luis Bustamante IV","1.4.133","1","4","133"
"AQP","CERRO COLORADO","Jose Luis Bustamante V","1.4.134","1","4","134"
"AQP","CERRO COLORADO","Jose Luis Bustamante I","1.4.135","1","4","135"
"AQP","CERRO COLORADO","Eduardo de la Pinella","1.4.136","1","4","136"
"AQP","CERRO COLORADO","Heroes de la Breña","1.4.137","1","4","137"
"AQP","CERRO COLORADO","Apima II","1.4.138","1","4","138"
"AQP","CERRO COLORADO","Asoc. De Viv. Parque Industrial El Provenir (APIPA) II","1.4.139","1","4","139"
"AQP","CERRO COLORADO","APIPA III","1.4.140","1","4","140"
"AQP","CERRO COLORADO","APIPA IX","1.4.141","1","4","141"
"AQP","CERRO COLORADO","APIPA X","1.4.142","1","4","142"
"AQP","CERRO COLORADO","APIPA XI","1.4.143","1","4","143"
"AQP","CERRO COLORADO","APIPA XIV","1.4.144","1","4","144"
"AQP","CERRO COLORADO","APIPA XVIII","1.4.145","1","4","145"
"AQP","CERRO COLORADO","APIPA XVII","1.4.146","1","4","146"
"AQP","CERRO COLORADO","APIPA XVI","1.4.147","1","4","147"
"AQP","CERRO COLORADO","APIPA XV","1.4.148","1","4","148"
"AQP","CERRO COLORADO","APIPA XIII","1.4.149","1","4","149"
"AQP","CERRO COLORADO","APIPA XII","1.4.150","1","4","150"
"AQP","CERRO COLORADO","APIPA VIII","1.4.151","1","4","151"
"AQP","CERRO COLORADO","APIPA VII","1.4.152","1","4","152"
"AQP","CERRO COLORADO","APIPA VI","1.4.153","1","4","153"
"AQP","CERRO COLORADO","APIPA V","1.4.154","1","4","154"
"AQP","CERRO COLORADO","APIPA IV","1.4.155","1","4","155"
"AQP","CERRO COLORADO","APIPA I","1.4.156","1","4","156"
"AQP","CERRO COLORADO","APIAAR","1.4.157","1","4","157"
"AQP","CERRO COLORADO","Asoc. De Viv. Taller Monserrat - Virgen del Socorro","1.4.158","1","4","158"
"AQP","CERRO COLORADO","Villa el Triunfo","1.4.159","1","4","159"
"AQP","CERRO COLORADO","Granjeros Nueva Vida","1.4.160","1","4","160"
"AQP","CERRO COLORADO","Granjeros La Rinconada","1.4.161","1","4","161"
"AQP","CERRO COLORADO","Granjeros Unidos","1.4.162","1","4","162"
"AQP","CERRO COLORADO","Los Claveles Urb. Marleny","1.4.163","1","4","163"
"AQP","CERRO COLORADO","Amp. Granjeros Unidos-Urb. Marleny","1.4.164","1","4","164"
"AQP","CERRO COLORADO","Villa Cono Norte","1.4.165","1","4","165"
"AQP","CERRO COLORADO","Jorge Basadre","1.4.166","1","4","166"
"AQP","CERRO COLORADO","Guardia Republicana","1.4.167","1","4","167"
"AQP","CERRO COLORADO","Ciudad Municipal III","1.4.168","1","4","168"
"AQP","CERRO COLORADO","Ciudad Municipal II","1.4.169","1","4","169"
"AQP","CERRO COLORADO","Cuidad Municipal I","1.4.170","1","4","170"
"AQP","CERRO COLORADO","Propiedad Privada","1.4.171","1","4","171"
"AQP","CERRO COLORADO","Zona Industrial Las Canteras","1.4.172","1","4","172"
"AQP","CERRO COLORADO","Amp. Residencial Transoceanico","1.4.173","1","4","173"
"AQP","CERRO COLORADO","Residencial Transoceanico","1.4.174","1","4","174"
"AQP","CERRO COLORADO","Residencial Transoceanico Nueva Arequipa","1.4.175","1","4","175"
"AQP","CERRO COLORADO","Urb. Nueva Arequipa","1.4.176","1","4","176"
"AQP","CERRO COLORADO","Villa San Juan B","1.4.177","1","4","177"
"AQP","CERRO COLORADO","Villa Santa Rosa","1.4.178","1","4","178"
"AQP","CERRO COLORADO","Asoc. De Viv. San Pedro San Pablo","1.4.179","1","4","179"
"AQP","CERRO COLORADO","Asoc. De Viv. Mariano Sanchez","1.4.180","1","4","180"
"AQP","CERRO COLORADO","Ciudad Municipal IV","1.4.181","1","4","181"
"AQP","CERRO COLORADO","Ciudad Municipal V","1.4.182","1","4","182"
"AQP","CERRO COLORADO","Urb. Victor Raul Haya de la Torre","1.4.183","1","4","183"
"AQP","CERRO COLORADO","Ciudad Municipal VII","1.4.184","1","4","184"
"AQP","CERRO COLORADO","Ciudad Municipal VI","1.4.185","1","4","185"
"AQP","CERRO COLORADO","Ciudad Municipal VIII","1.4.186","1","4","186"
"AQP","CERRO COLORADO","Ciudad Municipal IX","1.4.187","1","4","187"
"AQP","CERRO COLORADO","Virgen de Chapi","1.4.188","1","4","188"
"AQP","CERRO COLORADO","Pedro Vilca Texi","1.4.189","1","4","189"
"AQP","CERRO COLORADO","Integrantes de Sor Ana de los Angeles Monteagudo","1.4.190","1","4","190"
"AQP","CERRO COLORADO","Sor Ana de los Angeles Monteagudo IV","1.4.191","1","4","191"
"AQP","CERRO COLORADO","Villa El Calvario","1.4.192","1","4","192"
"AQP","CERRO COLORADO","Sor Ana de los Angeles Monteagudo V","1.4.193","1","4","193"
"AQP","CERRO COLORADO","Sor Ana de los Angeles Monteagudo II","1.4.194","1","4","194"
"AQP","CERRO COLORADO","Sor Ana de los Angeles Monteagudo III","1.4.195","1","4","195"
"AQP","CERRO COLORADO","Sor Ana de los Angeles Monteagudo I","1.4.196","1","4","196"
"AQP","CERRO COLORADO","Amp. Via 54","1.4.197","1","4","197"
"AQP","CERRO COLORADO","Trabajadores del Mercado Mayoristas B","1.4.198","1","4","198"
"AQP","CERRO COLORADO","Trabajadores del Mercado Mayoristas A","1.4.199","1","4","199"
"AQP","CERRO COLORADO","Urb. Nueva Esperanza","1.4.200","1","4","200"
"AQP","CERRO COLORADO","P.P.J.J. Villa San Juana","1.4.201","1","4","201"
"AQP","CERRO COLORADO","Villa Faucett","1.4.202","1","4","202"
"AQP","CERRO COLORADO","P.P.J.J. Villa Santa Isabel","1.4.203","1","4","203"
"AQP","CERRO COLORADO","Villa Las Canteras Zona A","1.4.204","1","4","204"
"AQP","CERRO COLORADO","Villa Las canteras Zona B","1.4.205","1","4","205"
"AQP","CERRO COLORADO","Villa Magisterial Zona I","1.4.206","1","4","206"
"AQP","CERRO COLORADO","Francisco Garcia Calderon Zona I","1.4.207","1","4","207"
"AQP","CERRO COLORADO","UPIS EL Salvador Zona A","1.4.208","1","4","208"
"AQP","CERRO COLORADO","UPIS EL Salvador Zona B","1.4.209","1","4","209"
"AQP","CERRO COLORADO","Villa El Salvador","1.4.210","1","4","210"
"AQP","CERRO COLORADO","Francisco Garcia Calderon Zona IV","1.4.211","1","4","211"
"AQP","CERRO COLORADO","Francisco Garcia Calderon Zona III","1.4.212","1","4","212"
"AQP","CERRO COLORADO","Francisco Garcia Calderon Zona II","1.4.213","1","4","213"
"AQP","CERRO COLORADO","Villa Magisterial Zona II","1.4.214","1","4","214"
"AQP","CERRO COLORADO","Villa Magisterial Zona III","1.4.215","1","4","215"
"AQP","CERRO COLORADO","Villa Magisterial Zona IV","1.4.216","1","4","216"
"AQP","CERRO COLORADO","Hernan Bedoya Forga II Etapa","1.4.217","1","4","217"
"AQP","CERRO COLORADO","Villa Peru","1.4.218","1","4","218"
"AQP","CERRO COLORADO","Asoc. De Viv. Goyeneche","1.4.219","1","4","219"
"AQP","CERRO COLORADO","Asoc. Las Torres","1.4.220","1","4","220"
"AQP","CERRO COLORADO","Asoc. De Viv. Las Gardenias","1.4.221","1","4","221"
"AQP","CERRO COLORADO","Programa Municipal Juan Pablo II","1.4.222","1","4","222"
"AQP","CERRO COLORADO","AVIS Aldo Moro Judicial","1.4.223","1","4","223"
"AQP","CERRO COLORADO","Asoc. Alipio Ponce","1.4.224","1","4","224"
"AQP","CERRO COLORADO","Asoc. De Viv. El Azufral Pachas","1.4.225","1","4","225"
"AQP","CERRO COLORADO","Asoc. De Viv. Virgen de la Candelaria","1.4.226","1","4","226"
"AQP","CERRO COLORADO","Andres Avelino Caceres","1.4.227","1","4","227"
"AQP","CERRO COLORADO","Las Flores Zona III","1.4.228","1","4","228"
"AQP","CERRO COLORADO","Las Flores Zona I","1.4.229","1","4","229"
"AQP","CERRO COLORADO","Las Flores Zona II","1.4.230","1","4","230"
"AQP","CERRO COLORADO","Las Flores Zona IV","1.4.231","1","4","231"
"AQP","CERRO COLORADO","Las Flores Zona VII","1.4.232","1","4","232"
"AQP","CERRO COLORADO","Las Flores Zona V","1.4.233","1","4","233"
"AQP","CERRO COLORADO","Las Flores Zona VI","1.4.234","1","4","234"
"AQP","CERRO COLORADO","Las Flores Zona VIII","1.4.235","1","4","235"
"AQP","CERRO COLORADO","Hernan Bedoya Forga I Etapa","1.4.236","1","4","236"
"AQP","CERRO COLORADO","El Eden","1.4.237","1","4","237"
"AQP","CERRO COLORADO","Los Astros","1.4.238","1","4","238"
"AQP","CERRO COLORADO","Javier Luna Pizarro ","1.4.239","1","4","239"
"AQP","CERRO COLORADO","Augusto Chavez Bedoya","1.4.240","1","4","240"
"AQP","CERRO COLORADO","Las Mercedes","1.4.241","1","4","241"
"AQP","CERRO COLORADO","Carlos Baca Flor","1.4.242","1","4","242"
"AQP","CERRO COLORADO","Guillermo Mercado","1.4.243","1","4","243"
"AQP","CERRO COLORADO","Villa Chachani","1.4.244","1","4","244"
"AQP","CERRO COLORADO","Flora Tristan","1.4.245","1","4","245"
"AQP","CERRO COLORADO","Asoc. De Viv. Pedro P. Diaz","1.4.246","1","4","246"
"AQP","CERRO COLORADO","Asoc. De  Pirotecnicos Villa Florida","1.4.247","1","4","247"
"AQP","CERRO COLORADO","Asoc. De Pirotecnicos Profesionales","1.4.248","1","4","248"
"AQP","CERRO COLORADO","Asoc. De Viv. Fortaleza Chachani","1.4.249","1","4","249"
"AQP","CERRO COLORADO","Asoc. De Viv. Montoneros Apimon","1.4.250","1","4","250"
"AQP","CERRO COLORADO","Fedepuno","1.4.251","1","4","251"
"AQP","CERRO COLORADO","Asoc. De Viv. Los Angeles del Sur Zona A","1.4.252","1","4","252"
"AQP","CERRO COLORADO","Asoc. De Viv. Jardines Cabrerias","1.4.253","1","4","253"
"AQP","CERRO COLORADO","Asoc. De Viv. Fundo Cabrerias Zona A","1.4.254","1","4","254"
"AQP","CERRO COLORADO","Asoc. De Viv. 28 de Julio","1.4.255","1","4","255"
"AQP","CERRO COLORADO","Asoc. Reales de Chumbivilcas","1.4.256","1","4","256"
"AQP","CERRO COLORADO","Asoc. De Viv. Fundo Cabrerias Zona B","1.4.257","1","4","257"
"AQP","CERRO COLORADO","Urb. Villa la Oliva","1.4.258","1","4","258"
"AQP","CERRO COLORADO","Asoc. De Viv. Los Angeles del Sur Zona B","1.4.259","1","4","259"
"AQP","CERRO COLORADO","Asoc. De viv. Villa Progreso Villa Proceres","1.4.260","1","4","260"
"AQP","CERRO COLORADO","Asoc. De Viv. Cerrillos Zona A","1.4.261","1","4","261"
"AQP","CERRO COLORADO","Asoc. De Viv. Cerrillos Zona B","1.4.262","1","4","262"
"AQP","CERRO COLORADO","Asoc. De Viv. Cerrillos Zona C","1.4.263","1","4","263"
"AQP","CERRO COLORADO","Asoc. De Viv. Mario Vargas Llosa","1.4.264","1","4","264"
"AQP","CERRO COLORADO","Asoc. De Viv. Don Francisco Zona A","1.4.265","1","4","265"
"AQP","CERRO COLORADO","Asoc. De Viv. Fundo Cabrerias Zona C","1.4.266","1","4","266"
"AQP","CERRO COLORADO","Asoc. De Viv. Don Francisco Zona B","1.4.267","1","4","267"
"AQP","CERRO COLORADO","Asoc. De Viv. Jardines de Chachani","1.4.268","1","4","268"
"AQP","CERRO COLORADO","Asoc. Habitacional Chachani II","1.4.269","1","4","269"
"AQP","CERRO COLORADO","Asoc. Habitacional Chachani I","1.4.270","1","4","270"
"AQP","CERRO COLORADO","Asoc. De Extractores de Materiales","1.4.271","1","4","271"
"AQP","CERRO COLORADO","Asoc. De Viv. Jose Maria Arguedas","1.4.272","1","4","272"
"AQP","CERRO COLORADO","Asoc. Señor de los Milagros 15 de Octubre","1.4.273","1","4","273"
"AQP","CERRO COLORADO","Villa Santa Maria","1.4.274","1","4","274"
"AQP","CERRO COLORADO","Benigno Ballon Farfan","1.4.275","1","4","275"
"AQP","CERRO COLORADO","Nuevo Horizonte","1.4.276","1","4","276"
"AQP","CERRO COLORADO","Asoc. De Viv. Amazonas","1.4.277","1","4","277"
"AQP","CERRO COLORADO","Asoc. Jorge Chavez","1.4.278","1","4","278"
"AQP","CERRO COLORADO","Amp. Jorge Chavez","1.4.279","1","4","279"
"AQP","CERRO COLORADO","Urb. Nazareno","1.4.280","1","4","280"
"AQP","CERRO COLORADO","Asoc. De Viv Getsemany","1.4.281","1","4","281"
"AQP","CERRO COLORADO","Asoc. La Isla","1.4.282","1","4","282"
"AQP","CERRO COLORADO","Villa Paraiso","1.4.283","1","4","283"
"AQP","CERRO COLORADO","Victor Andres Belaunde Zona C","1.4.284","1","4","284"
"AQP","CERRO COLORADO","Asoc. De Viv. El Azufral ","1.4.285","1","4","285"
"AQP","CERRO COLORADO","Victor Andres Belaunde Zona B","1.4.286","1","4","286"
"AQP","CERRO COLORADO","Victor Andres Belaunde Zona A","1.4.287","1","4","287"
"AQP","CERRO COLORADO","Villa Corpac","1.4.288","1","4","288"
"AQP","CERRO COLORADO","Zamacola","1.4.289","1","4","289"
